{
  "$schema": "https://schema.management.azure.com/schemas/2019-04-01/deploymentTemplate.json#",
  "contentVersion": "1.0.0.0",
  "metadata": {
    "_generator": {
      "name": "bicep",
      "version": "0.4.613.9944",
      "templateHash": "3994668682898298884"
    }
  },
  "functions": [],
  "resources": [
    {
      "type": "Microsoft.Storage/storageAccounts",
      "apiVersion": "2021-02-01",
      "name": "firstbicepstg21",
      "location": "eastus2",
      "kind": "StorageV2",
      "sku": {
        "name": "Standard_LRS"
      },
      "tags": {
        "Environment": "Demo",
        "Project": "First Look into Azure Bicep"
      }
    }
  ]
}